{
    "configurations": [
        {
            "name": "Mac",
            "includePath": [
                "${workspaceFolder}/**",
                "/Users/Girlfriend/Documents/CS 330/CS330Content/Projects/7-1_FinalProjectMilestones/Source",
                "/Users/Girlfriend/Documents/CS 330/CS330Content/Projects/7-1_FinalProjectMilestones/textures",
                "/opt/homebrew/opt/glm/include",
                "/Users/Girlfriend/Documents/CS 330/CS330Content/Libraries/GLEW/include",
                "/Users/Girlfriend/Documents/CS 330/CS330Content/Libraries/GLEW",
                "/Users/Girlfriend/Documents/CS 330/CS330Content/Libraries/GLFW/include", 
                "/Users/Girlfriend/Documents/CS 330/CS330Content/3DShapes",
                "/Users/Girlfriend/Documents/CS 330/CS330Content/Utilities"                
            ],
            "defines": [],
            "compilerPath": "/usr/bin/clang",
            "cStandard": "c17",
            "cppStandard": "c++17",
            "intelliSenseMode": "macos-clang-arm64"
        }
    ],
    "version": 4
}
